timestamp, utilization.gpu [%], utilization.memory [%], memory.used [MiB], memory.total [MiB], power.draw [W], temperature.gpu
2026/08/31 05:41:41.346, 0 %, 0 %, 0 MiB, 32768 MiB, 24.11 W, 35
2026/08/31 05:41:41.351, 6 %, 1 %, 5282 MiB, 32768 MiB, 63.04 W, 45
2026/08/31 05:41:46.355, 0 %, 0 %, 4 MiB, 32768 MiB, 24.10 W, 35
2026/08/31 05:41:46.367, 7 %, 1 %, 5282 MiB, 32768 MiB, 44.42 W, 45
2026/08/31 05:41:51.377, 0 %, 0 %, 4 MiB, 32768 MiB, 24.09 W, 35
2026/08/31 05:41:51.386, 3 %, 0 %, 5282 MiB, 32768 MiB, 43.24 W, 45
2026/08/31 05:41:56.392, 0 %, 0 %, 4 MiB, 32768 MiB, 24.07 W, 35
2026/08/31 05:41:56.404, 2 %, 0 %, 5282 MiB, 32768 MiB, 59.88 W, 45
2026/08/31 05:42:01.415, 0 %, 0 %, 4 MiB, 32768 MiB, 24.17 W, 35
2026/08/31 05:42:01.428, 2 %, 0 %, 5282 MiB, 32768 MiB, 49.68 W, 45
2026/08/31 05:42:06.436, 0 %, 0 %, 4 MiB, 32768 MiB, 24.08 W, 35
2026/08/31 05:42:06.439, 4 %, 0 %, 5282 MiB, 32768 MiB, 44.39 W, 45
2026/08/31 05:42:11.442, 0 %, 0 %, 4 MiB, 32768 MiB, 24.17 W, 35
2026/08/31 05:42:11.445, 85 %, 87 %, 5282 MiB, 32768 MiB, 59.79 W, 47
2026/08/31 05:42:16.448, 0 %, 0 %, 4 MiB, 32768 MiB, 24.08 W, 35
2026/08/31 05:42:16.451, 88 %, 92 %, 5282 MiB, 32768 MiB, 44.38 W, 45
2026/08/31 05:42:21.462, 0 %, 0 %, 4 MiB, 32768 MiB, 24.08 W, 35
2026/08/31 05:42:21.465, 3 %, 0 %, 5282 MiB, 32768 MiB, 44.18 W, 44
2026/08/31 05:42:26.473, 0 %, 0 %, 4 MiB, 32768 MiB, 23.99 W, 35
2026/08/31 05:42:26.476, 3 %, 0 %, 5282 MiB, 32768 MiB, 44.48 W, 44
2026/08/31 05:42:31.480, 0 %, 0 %, 4 MiB, 32768 MiB, 24.07 W, 35
2026/08/31 05:42:31.491, 10 %, 5 %, 5282 MiB, 32768 MiB, 44.46 W, 45
2026/08/31 05:42:36.500, 0 %, 0 %, 4 MiB, 32768 MiB, 24.09 W, 35
2026/08/31 05:42:36.521, 2 %, 0 %, 5282 MiB, 32768 MiB, 38.51 W, 44
2026/08/31 05:42:41.529, 0 %, 0 %, 4 MiB, 32768 MiB, 24.09 W, 35
2026/08/31 05:42:41.541, 3 %, 0 %, 5282 MiB, 32768 MiB, 43.04 W, 44
2026/08/31 05:42:46.552, 0 %, 0 %, 4 MiB, 32768 MiB, 23.99 W, 35
2026/08/31 05:42:46.562, 2 %, 0 %, 5282 MiB, 32768 MiB, 44.00 W, 44
2026/08/31 05:42:51.573, 0 %, 0 %, 4 MiB, 32768 MiB, 24.08 W, 35
2026/08/31 05:42:51.576, 1 %, 0 %, 5282 MiB, 32768 MiB, 44.01 W, 44
2026/08/31 05:42:56.584, 0 %, 0 %, 4 MiB, 32768 MiB, 24.08 W, 35
2026/08/31 05:42:56.606, 2 %, 0 %, 5282 MiB, 32768 MiB, 44.01 W, 44
2026/08/31 05:43:01.616, 0 %, 0 %, 4 MiB, 32768 MiB, 24.17 W, 35
2026/08/31 05:43:01.621, 1 %, 0 %, 5282 MiB, 32768 MiB, 44.09 W, 44
2026/08/31 05:43:06.641, 0 %, 0 %, 4 MiB, 32768 MiB, 24.08 W, 35
2026/08/31 05:43:06.644, 3 %, 0 %, 5282 MiB, 32768 MiB, 43.98 W, 44
2026/08/31 05:43:11.648, 0 %, 0 %, 4 MiB, 32768 MiB, 24.08 W, 35
2026/08/31 05:43:11.660, 3 %, 0 %, 5282 MiB, 32768 MiB, 45.06 W, 44
2026/08/31 05:43:16.678, 0 %, 0 %, 4 MiB, 32768 MiB, 24.08 W, 35
2026/08/31 05:43:16.681, 4 %, 0 %, 5282 MiB, 32768 MiB, 44.08 W, 44
2026/08/31 05:43:21.684, 0 %, 0 %, 4 MiB, 32768 MiB, 23.98 W, 35
2026/08/31 05:43:21.700, 6 %, 1 %, 5282 MiB, 32768 MiB, 43.22 W, 44
2026/08/31 05:43:26.704, 0 %, 0 %, 4 MiB, 32768 MiB, 24.08 W, 35
2026/08/31 05:43:26.707, 1 %, 0 %, 5282 MiB, 32768 MiB, 43.03 W, 43
2026/08/31 05:43:31.721, 0 %, 0 %, 4 MiB, 32768 MiB, 24.18 W, 35
2026/08/31 05:43:31.732, 4 %, 0 %, 5282 MiB, 32768 MiB, 44.00 W, 44
2026/08/31 05:43:36.752, 0 %, 0 %, 4 MiB, 32768 MiB, 23.95 W, 35
2026/08/31 05:43:36.762, 2 %, 0 %, 5282 MiB, 32768 MiB, 85.40 W, 43
2026/08/31 05:43:41.765, 0 %, 0 %, 4 MiB, 32768 MiB, 24.08 W, 35
2026/08/31 05:43:41.772, 2 %, 0 %, 5282 MiB, 32768 MiB, 43.79 W, 43
2026/08/31 05:43:46.774, 0 %, 0 %, 4 MiB, 32768 MiB, 24.07 W, 35
2026/08/31 05:43:46.782, 90 %, 94 %, 5282 MiB, 32768 MiB, 59.38 W, 45
2026/08/31 05:43:51.794, 0 %, 0 %, 4 MiB, 32768 MiB, 23.98 W, 35
2026/08/31 05:43:51.798, 3 %, 0 %, 5282 MiB, 32768 MiB, 44.00 W, 44
2026/08/31 05:43:56.801, 0 %, 0 %, 4 MiB, 32768 MiB, 23.98 W, 35
2026/08/31 05:43:56.804, 2 %, 0 %, 5282 MiB, 32768 MiB, 43.80 W, 43
2026/08/31 05:44:01.815, 0 %, 0 %, 4 MiB, 32768 MiB, 23.99 W, 35
2026/08/31 05:44:01.818, 2 %, 0 %, 5282 MiB, 32768 MiB, 43.79 W, 43
2026/08/31 05:44:06.829, 0 %, 0 %, 4 MiB, 32768 MiB, 23.98 W, 35
2026/08/31 05:44:06.833, 4 %, 0 %, 5282 MiB, 32768 MiB, 38.32 W, 43
2026/08/31 05:44:11.836, 0 %, 0 %, 4 MiB, 32768 MiB, 24.08 W, 35
2026/08/31 05:44:11.839, 2 %, 0 %, 5282 MiB, 32768 MiB, 42.74 W, 43
2026/08/31 05:44:16.846, 0 %, 0 %, 4 MiB, 32768 MiB, 24.08 W, 35
2026/08/31 05:44:16.850, 2 %, 0 %, 5282 MiB, 32768 MiB, 43.79 W, 43
2026/08/31 05:44:21.853, 0 %, 0 %, 4 MiB, 32768 MiB, 24.02 W, 35
2026/08/31 05:44:21.856, 66 %, 67 %, 5282 MiB, 32768 MiB, 205.27 W, 46
2026/08/31 05:44:26.859, 0 %, 0 %, 4 MiB, 32768 MiB, 24.08 W, 35
2026/08/31 05:44:26.864, 2 %, 0 %, 5282 MiB, 32768 MiB, 43.80 W, 43
2026/08/31 05:44:31.867, 0 %, 0 %, 4 MiB, 32768 MiB, 24.18 W, 35
2026/08/31 05:44:31.874, 1 %, 0 %, 5282 MiB, 32768 MiB, 43.71 W, 43
2026/08/31 05:44:36.883, 0 %, 0 %, 4 MiB, 32768 MiB, 24.08 W, 35
2026/08/31 05:44:36.886, 4 %, 0 %, 5282 MiB, 32768 MiB, 43.80 W, 43
2026/08/31 05:44:41.889, 0 %, 0 %, 4 MiB, 32768 MiB, 23.98 W, 35
2026/08/31 05:44:41.894, 4 %, 0 %, 5282 MiB, 32768 MiB, 43.89 W, 43
2026/08/31 05:44:46.898, 0 %, 0 %, 4 MiB, 32768 MiB, 24.08 W, 35
2026/08/31 05:44:46.905, 2 %, 0 %, 5282 MiB, 32768 MiB, 44.37 W, 43
2026/08/31 05:44:51.909, 0 %, 0 %, 4 MiB, 32768 MiB, 24.07 W, 35
2026/08/31 05:44:51.919, 3 %, 0 %, 5282 MiB, 32768 MiB, 42.92 W, 44
2026/08/31 05:44:56.928, 0 %, 0 %, 4 MiB, 32768 MiB, 24.07 W, 35
2026/08/31 05:44:56.933, 2 %, 0 %, 5282 MiB, 32768 MiB, 42.70 W, 43
2026/08/31 05:45:01.937, 0 %, 0 %, 4 MiB, 32768 MiB, 24.08 W, 35
2026/08/31 05:45:01.961, 3 %, 0 %, 5282 MiB, 32768 MiB, 54.48 W, 44
2026/08/31 05:45:06.967, 64 %, 44 %, 6254 MiB, 32768 MiB, 223.52 W, 39
2026/08/31 05:45:06.970, 3 %, 0 %, 5282 MiB, 32768 MiB, 43.94 W, 43
2026/08/31 05:45:11.977, 100 %, 67 %, 6256 MiB, 32768 MiB, 230.71 W, 46
2026/08/31 05:45:11.979, 3 %, 0 %, 5282 MiB, 32768 MiB, 43.89 W, 43
2026/08/31 05:45:16.985, 100 %, 65 %, 6256 MiB, 32768 MiB, 199.10 W, 49
2026/08/31 05:45:16.990, 5 %, 0 %, 5282 MiB, 32768 MiB, 48.50 W, 44
2026/08/31 05:45:21.993, 100 %, 65 %, 6256 MiB, 32768 MiB, 241.79 W, 52
2026/08/31 05:45:21.996, 7 %, 1 %, 5282 MiB, 32768 MiB, 44.02 W, 44
2026/08/31 05:45:27.001, 100 %, 67 %, 6256 MiB, 32768 MiB, 174.41 W, 53
2026/08/31 05:45:27.003, 3 %, 0 %, 5282 MiB, 32768 MiB, 43.81 W, 43
2026/08/31 05:45:32.009, 100 %, 68 %, 6256 MiB, 32768 MiB, 212.56 W, 55
2026/08/31 05:45:32.011, 3 %, 0 %, 5282 MiB, 32768 MiB, 43.78 W, 43
2026/08/31 05:45:37.017, 99 %, 66 %, 6256 MiB, 32768 MiB, 234.59 W, 57
2026/08/31 05:45:37.019, 5 %, 0 %, 5282 MiB, 32768 MiB, 43.67 W, 43
2026/08/31 05:45:42.024, 99 %, 68 %, 6256 MiB, 32768 MiB, 239.94 W, 59
2026/08/31 05:45:42.028, 7 %, 1 %, 5282 MiB, 32768 MiB, 48.50 W, 43
2026/08/31 05:45:47.034, 100 %, 67 %, 6256 MiB, 32768 MiB, 229.53 W, 61
2026/08/31 05:45:47.036, 7 %, 1 %, 5282 MiB, 32768 MiB, 44.06 W, 43
2026/08/31 05:45:52.041, 99 %, 67 %, 6256 MiB, 32768 MiB, 229.89 W, 62
2026/08/31 05:45:52.043, 3 %, 0 %, 5282 MiB, 32768 MiB, 43.56 W, 43
2026/08/31 05:45:57.047, 100 %, 67 %, 6256 MiB, 32768 MiB, 235.86 W, 63
2026/08/31 05:45:57.053, 3 %, 0 %, 5282 MiB, 32768 MiB, 43.44 W, 43
2026/08/31 05:46:02.056, 100 %, 67 %, 6256 MiB, 32768 MiB, 190.39 W, 65
2026/08/31 05:46:02.066, 3 %, 0 %, 5282 MiB, 32768 MiB, 43.82 W, 43
2026/08/31 05:46:07.071, 100 %, 67 %, 6256 MiB, 32768 MiB, 213.05 W, 67
2026/08/31 05:46:07.074, 7 %, 1 %, 5282 MiB, 32768 MiB, 58.46 W, 43
2026/08/31 05:46:12.079, 99 %, 66 %, 6256 MiB, 32768 MiB, 187.03 W, 68
2026/08/31 05:46:12.082, 5 %, 0 %, 5282 MiB, 32768 MiB, 50.83 W, 44
2026/08/31 05:46:17.085, 100 %, 67 %, 6256 MiB, 32768 MiB, 216.25 W, 69
2026/08/31 05:46:17.088, 3 %, 0 %, 5282 MiB, 32768 MiB, 213.51 W, 45
2026/08/31 05:46:22.091, 100 %, 68 %, 6256 MiB, 32768 MiB, 187.39 W, 71
2026/08/31 05:46:22.098, 3 %, 0 %, 5282 MiB, 32768 MiB, 43.92 W, 43
2026/08/31 05:46:27.104, 100 %, 68 %, 6256 MiB, 32768 MiB, 241.18 W, 71
2026/08/31 05:46:27.110, 5 %, 0 %, 5282 MiB, 32768 MiB, 43.86 W, 43
2026/08/31 05:46:32.118, 100 %, 66 %, 6256 MiB, 32768 MiB, 205.28 W, 71
2026/08/31 05:46:32.121, 7 %, 1 %, 5282 MiB, 32768 MiB, 45.33 W, 43
2026/08/31 05:46:37.126, 100 %, 68 %, 6256 MiB, 32768 MiB, 258.59 W, 72
2026/08/31 05:46:37.129, 7 %, 1 %, 5282 MiB, 32768 MiB, 43.99 W, 43
2026/08/31 05:46:42.132, 99 %, 66 %, 6256 MiB, 32768 MiB, 234.34 W, 71
2026/08/31 05:46:42.136, 23 %, 20 %, 5282 MiB, 32768 MiB, 223.38 W, 45
2026/08/31 05:46:47.141, 100 %, 67 %, 6256 MiB, 32768 MiB, 241.10 W, 69
2026/08/31 05:46:47.144, 3 %, 0 %, 5282 MiB, 32768 MiB, 43.42 W, 42
2026/08/31 05:46:52.149, 100 %, 67 %, 6256 MiB, 32768 MiB, 209.52 W, 69
2026/08/31 05:46:52.151, 6 %, 0 %, 5282 MiB, 32768 MiB, 43.41 W, 41
2026/08/31 05:46:57.155, 99 %, 67 %, 6256 MiB, 32768 MiB, 194.63 W, 68
2026/08/31 05:46:57.158, 7 %, 1 %, 5282 MiB, 32768 MiB, 43.36 W, 41
2026/08/31 05:47:02.162, 99 %, 66 %, 6256 MiB, 32768 MiB, 211.82 W, 68
2026/08/31 05:47:02.164, 7 %, 1 %, 5282 MiB, 32768 MiB, 56.53 W, 40
2026/08/31 05:47:07.168, 100 %, 69 %, 6256 MiB, 32768 MiB, 186.90 W, 67
2026/08/31 05:47:07.171, 3 %, 0 %, 5282 MiB, 32768 MiB, 202.70 W, 41
2026/08/31 05:47:12.176, 100 %, 66 %, 6256 MiB, 32768 MiB, 196.76 W, 67
2026/08/31 05:47:12.179, 3 %, 0 %, 5282 MiB, 32768 MiB, 42.82 W, 39
2026/08/31 05:47:17.183, 100 %, 66 %, 6256 MiB, 32768 MiB, 171.60 W, 66
2026/08/31 05:47:17.186, 6 %, 0 %, 5282 MiB, 32768 MiB, 42.86 W, 39
2026/08/31 05:47:22.190, 100 %, 67 %, 6256 MiB, 32768 MiB, 208.08 W, 66
2026/08/31 05:47:22.192, 7 %, 1 %, 5282 MiB, 32768 MiB, 47.98 W, 39
2026/08/31 05:47:27.198, 99 %, 67 %, 6256 MiB, 32768 MiB, 193.49 W, 66
2026/08/31 05:47:27.201, 7 %, 1 %, 5282 MiB, 32768 MiB, 42.94 W, 39
2026/08/31 05:47:32.209, 99 %, 66 %, 6256 MiB, 32768 MiB, 174.79 W, 65
2026/08/31 05:47:32.212, 10 %, 6 %, 5282 MiB, 32768 MiB, 204.26 W, 40
2026/08/31 05:47:37.216, 100 %, 66 %, 6256 MiB, 32768 MiB, 174.47 W, 64
2026/08/31 05:47:37.219, 3 %, 0 %, 5282 MiB, 32768 MiB, 42.58 W, 38
2026/08/31 05:47:42.222, 100 %, 68 %, 6256 MiB, 32768 MiB, 216.23 W, 65
2026/08/31 05:47:42.225, 3 %, 0 %, 5282 MiB, 32768 MiB, 42.63 W, 38
2026/08/31 05:47:47.228, 99 %, 66 %, 6256 MiB, 32768 MiB, 208.91 W, 65
2026/08/31 05:47:47.231, 7 %, 1 %, 5282 MiB, 32768 MiB, 42.90 W, 38
2026/08/31 05:47:52.234, 100 %, 66 %, 6256 MiB, 32768 MiB, 218.30 W, 66
2026/08/31 05:47:52.237, 7 %, 1 %, 5282 MiB, 32768 MiB, 49.94 W, 38
2026/08/31 05:47:57.240, 100 %, 69 %, 6256 MiB, 32768 MiB, 177.15 W, 66
2026/08/31 05:47:57.245, 95 %, 98 %, 5282 MiB, 32768 MiB, 43.13 W, 39
2026/08/31 05:48:02.248, 100 %, 68 %, 6256 MiB, 32768 MiB, 198.63 W, 67
2026/08/31 05:48:02.252, 3 %, 0 %, 5282 MiB, 32768 MiB, 42.53 W, 38
2026/08/31 05:48:07.258, 100 %, 68 %, 6256 MiB, 32768 MiB, 178.86 W, 68
2026/08/31 05:48:07.261, 3 %, 0 %, 5282 MiB, 32768 MiB, 42.79 W, 38
2026/08/31 05:48:12.264, 100 %, 65 %, 6256 MiB, 32768 MiB, 206.88 W, 69
2026/08/31 05:48:12.267, 7 %, 1 %, 5282 MiB, 32768 MiB, 43.60 W, 38
2026/08/31 05:48:17.271, 99 %, 68 %, 6256 MiB, 32768 MiB, 244.16 W, 69
2026/08/31 05:48:17.274, 7 %, 1 %, 5282 MiB, 32768 MiB, 45.21 W, 38
2026/08/31 05:48:22.277, 3 %, 0 %, 6256 MiB, 32768 MiB, 199.91 W, 65
2026/08/31 05:48:22.281, 7 %, 1 %, 5282 MiB, 32768 MiB, 42.83 W, 38
2026/08/31 05:48:27.286, 100 %, 67 %, 6256 MiB, 32768 MiB, 234.95 W, 67
2026/08/31 05:48:27.289, 17 %, 13 %, 5282 MiB, 32768 MiB, 197.66 W, 39
2026/08/31 05:48:32.294, 100 %, 67 %, 6256 MiB, 32768 MiB, 218.08 W, 68
2026/08/31 05:48:32.297, 3 %, 0 %, 5282 MiB, 32768 MiB, 42.74 W, 38
2026/08/31 05:48:37.304, 100 %, 67 %, 6256 MiB, 32768 MiB, 186.21 W, 67
2026/08/31 05:48:37.306, 5 %, 0 %, 5282 MiB, 32768 MiB, 42.50 W, 38
2026/08/31 05:48:42.310, 100 %, 67 %, 6256 MiB, 32768 MiB, 211.28 W, 67
2026/08/31 05:48:42.313, 6 %, 1 %, 5282 MiB, 32768 MiB, 42.93 W, 38
2026/08/31 05:48:47.318, 99 %, 70 %, 6256 MiB, 32768 MiB, 179.22 W, 66
2026/08/31 05:48:47.323, 7 %, 1 %, 5282 MiB, 32768 MiB, 42.57 W, 38
2026/08/31 05:48:52.326, 100 %, 70 %, 6256 MiB, 32768 MiB, 204.96 W, 66
2026/08/31 05:48:52.329, 58 %, 57 %, 5282 MiB, 32768 MiB, 52.07 W, 39
2026/08/31 05:48:57.334, 100 %, 67 %, 6256 MiB, 32768 MiB, 178.07 W, 66
2026/08/31 05:48:57.337, 3 %, 0 %, 5282 MiB, 32768 MiB, 42.38 W, 37
2026/08/31 05:49:02.340, 100 %, 67 %, 6256 MiB, 32768 MiB, 212.50 W, 66
2026/08/31 05:49:02.343, 3 %, 0 %, 5282 MiB, 32768 MiB, 42.34 W, 37
2026/08/31 05:49:07.346, 99 %, 68 %, 6256 MiB, 32768 MiB, 181.21 W, 65
2026/08/31 05:49:07.350, 7 %, 1 %, 5282 MiB, 32768 MiB, 42.47 W, 37
2026/08/31 05:49:12.353, 0 %, 0 %, 6250 MiB, 32768 MiB, 46.68 W, 57
2026/08/31 05:49:12.359, 7 %, 1 %, 5282 MiB, 32768 MiB, 45.75 W, 37
